segment_id,customers,recency_days_mean,frequency_mean,monetary_mean,loyalty_member_rate,promotions_accept_rate,persona
0,320,42.125,17.021875,4409.24284375,1.0,0.6625,Leales Premium
1,896,43.098214285714285,5.996651785714286,1451.1683593750001,0.09486607142857142,0.6395089285714286,Ocasionales Sensibles a Promoción
2,284,43.65492957746479,6.429577464788732,1573.7785211267606,0.13732394366197184,0.6936619718309859,Ocasionales Sensibles a Promoción
